Normalized,Raw,Canonical
adair county sheriffs department,Adair County Sheriff's Office,Adair County Sheriff's Dept
adrian police department,Adrian Police Dept.,Adrian Police Dept
advance police department,Advance Police Dept.,Advance Police Dept
alma police department,Alma Police Dept.,Alma Police Dept
alton police department,Alton Police Dept.,Alton Police Dept
anderson police department,Anderson Police Dept.,Anderson Police Dept
andrew county sheriffs department,Andrew County Sheriff's Office,Andrew County Sheriff's Dept
annapolis police department,Annapolis Police Dept,Annapolis Police Dept
appleton city police department,Appleton City Police Dept.,Appleton City Police Dept
arbyrd police department,Arbyrd Police Dept.,Arbyrd Police Dept
arcadia police department,Arcadia Police Dept.,Arcadia Police Dept
archie police department,Archie Police Dept.,Archie Police Dept
arnold police department,Arnold Police Dept.,Arnold Police Dept
ash grove police department,Ash Grove Police Dept.,Ash Grove Police Dept
ashland police department,Ashland Police Dept.,Ashland Police Dept
atchison county sheriffs dep,Atchison County Sheriff's Dep,Atchison County Sheriff's Dept
atchison county sheriffs department,Atchison County Sheriff's Office,Atchison County Sheriff's Dept
audrain county sheriffs department,Audrain County Sheriff's Office,Audrain County Sheriff's Dept
aurora police department,Aurora Police Dept.,Aurora Police Dept
auxvasse police department,Auxvasse Police Dept.,Auxvasse Police Dept
ava police department,Ava Police Dept.,Ava Police Dept
ballwin police department,Ballwin Police Dept.,Ballwin Police Dept
barry county sheriffs department,Barry County Sheriff's Office,Barry County Sheriff's Dept
barton county sheriffs department,Barton County Sheriff's Office,Barton County Sheriff's Dept
bates city police department,Bates City Police Dept.,Bates City Police Dept
bates county sheriffs department,Bates County Sheriff's Office,Bates County Sheriff's Dept
battlefield police department,Battlefield Police Dept.,Battlefield Police Dept
bella villa police department,Bella Villa Police Dept.,Bella Villa Police Dept
belle police department,Belle Police Dept.,Belle Police Dept
bellefontaine neighbors police department,Bellefontaine Neighbors Police Dept.,Bellefontaine Neighbors Police Dept
belton police department,Belton Police Dept.,Belton Police Dept
benton county sheriffs department,Benton County Sheriff's Office,Benton County Sheriff's Dept
benton police department,Benton Police Dept.,Benton Police Dept
berger police department,Berger Police Dept.,Berger Police Dept
berkeley police department,Berkeley Police Dept.,Berkeley Police Dept
bernie police department,Bernie Police Dept.,Bernie Police Dept
bertrand police department,Bertrand Police Dept.,Bertrand Police Dept
bethany police department,Bethany Police Dept.,Bethany Police Dept
billings police department,Billings Police Dept.,Billings Police Dept
birch tree police department,Birch Tree Police Dept.,Birch Tree Police Dept
birmingham police department,Birmingham Police Department,Birmingham Police Dept
bismarck police department,Bismarck Police Dept.,Bismarck Police Dept
bland police department,Bland Police Dept.,Bland Police Dept
bloomfield police department,Bloomfield Police Dept.,Bloomfield Police Dept
blue springs police department,Blue Springs Police Dept.,Blue Springs Police Dept
bolivar police department,Bolivar Police Dept.,Bolivar Police Dept
bollinger county sheriffs department,Bollinger County Sheriff's Office,Bollinger County Sheriff's Dept
bonne terre police department,Bonne Terre Police Dept.,Bonne Terre Police Dept
boone county sheriffs department,Boone County Sheriff's Office,Boone County Sheriff's Dept
boonville police department,Boonville Police Dept.,Boonville Police Dept
bowling green police department,Bowling Green Police Dept.,Bowling Green Police Dept
branson police department,Branson Police Dept.,Branson Police Dept
branson west police department,Branson West Police Dept.,Branson West Police Dept
breckenridge hills police department,Breckenridge Hills Police Dept.,Breckenridge Hills Police Dept
brentwood police department,Brentwood Police Dept.,Brentwood Police Dept
bridgeton police department,Bridgeton Police Dept.,Bridgeton Police Dept
brookfield police department,Brookfield Police Dept.,Brookfield Police Dept
brunswick police department,Brunswick Police Dept.,Brunswick Police Dept
buchanan county sheriffs department,Buchanan County Sheriff's Office,Buchanan County Sheriff's Dept
buckner police department,Buckner Police Dept.,Buckner Police Dept
buffalo police department,Buffalo Police Dept.,Buffalo Police Dept
burlington northern and santa fe pd,Burlington Northern and Santa Fe PD,Burlington Northern and Santa Fe PD
burlington northern and santa fe ra,Burlington Northern and Santa Fe Ra,Burlington Northern and Santa Fe PD
butler county sheriffs department,Butler County Sheriff's Office,Butler County Sheriff's Dept
butler police department,Butler Police Dept.,Butler Police Dept
byrnes mill police department,Byrnes Mill Police Dept.,Byrnes Mill Police Dept
cabool police department,Cabool Police Dept.,Cabool Police Dept
caldwell county sheriffs department,Caldwell County Sheriff's Office,Caldwell County Sheriff's Dept
callaway county sheriffs department,Callaway County Sheriff's Office,Callaway County Sheriff's Dept
camden county sheriffs department,Camden County Sheriff's Office,Camden County Sheriff's Dept
camden police department,Camden Police Department,Camden Police Dept
camdenton police department,Camdenton Police Dept.,Camdenton Police Dept
cameron police department,Cameron Police Dept.,Cameron Police Dept
campbell police department,Campbell Police Dept.,Campbell Police Dept
canalou police department,Canalou Police Dept.,Canalou Police Dept
canton police department,Canton Police Dept.,Canton Police Dept
cape girardeau co sheriffs department,Cape Girardeau Co. Sheriff's Office,Cape Girardeau Co Sheriff's Dept
cape girardeau police department,Cape Girardeau Police Dept.,Cape Girardeau Police Dept
cardwell police department,Cardwell Police Dept.,Cardwell Police Dept
carl junction police department,Carl Junction Police Dept.,Carl Junction Police Dept
carroll county sheriffs department,Carroll County Sheriff's Office,Carroll County Sheriff's Dept
carrollton police department,Carrollton Police Dept.,Carrollton Police Dept
carter county sheriffs department,Carter County Sheriff's Office,Carter County Sheriff's Dept
carterville police department,Carterville Police Dept.,Carterville Police Dept
carthage police department,Carthage Police Dept.,Carthage Police Dept
caruthersville police department,Caruthersville Police Dept.,Caruthersville Police Dept
cass county sheriffs department,Cass County Sheriff's Office,Cass County Sheriff's Dept
cassville police department,Cassville Police Dept.,Cassville Police Dept
cedar county sheriffs department,Cedar County Sheriff's Office,Cedar County Sheriff's Dept
center police department,Center Police Dept.,Center Police Dept
central missouri state univ dps,Central Missouri State Univ - DPS,UCM - Dept of Public Safety
central missouri state university dp,Central Missouri State University - DP,UCM - Dept of Public Safety
centralia police department,Centralia Police Dept.,Centralia Police Dept
chaffee police department,Chaffee Police Dept.,Chaffee Police Dept
chariton county sheriffs department,Chariton County Sheriff's Office,Chariton County Sheriff's Dept
charleston police department,Charleston Police Dept.,Charleston Police Dept
chesterfield police department,Chesterfield Police Dept.,Chesterfield Police Dept
chillicothe police department,Chillicothe Police Dept.,Chillicothe Police Dept
christian county sheriffs department,Christian County Sheriff's Office,Christian County Sheriff's Dept
city of bellerive acres,City of Bellerive Acres,City of Bellerive Acres Police Dept
city of bellerive acres police department,City of Bellerive Acres Police Dept,City of Bellerive Acres Police Dept
clarence police department,Clarence Police Dept.,Clarence Police Dept
clark county sheriffs department,Clark County Sheriff's Office,Clark County Sheriff's Dept
clark police department,Clark Police Dept.,Clark Police Dept
clarkton police department,Clarkton Police Dept.,Clarkton Police Dept
clay county sheriffs department,Clay County Sheriff's Office,Clay County Sheriff's Dept
claycomo police department,Claycomo Police Dept.,Claycomo Police Dept
clayton police department,Clayton Police Dept.,Clayton Police Dept
cleveland police department,Cleveland Police Dept.,Cleveland Police Dept
clever police department,Clever Police Dept.,Clever Police Dept
clinton county sheriffs department,Clinton County Sheriff's Office,Clinton County Sheriff's Dept
clinton police department,Clinton Police Dept.,Clinton Police Dept
cole camp police department,Cole Camp Police Dept.,Cole Camp Police Dept
cole county sheriffs department,Cole County Sheriff's Office,Cole County Sheriff's Dept
columbia police department,Columbia Police Dept.,Columbia Police Dept
concordia police department,Concordia Police Dept.,Concordia Police Dept
cooper county sheriffs department,Cooper County Sheriff's Office,Cooper County Sheriff's Dept
corder police department,Corder Police Dept.,Corder Police Dept
cottleville police department,Cottleville Police Dept.,Cottleville Police Dept
country club hills police department,Country Club Hills Police Dept.,Country Club Hills Police Dept
country club village police department,Country Club Village Police Dept.,Country Club Village Police Dept
crane police department,Crane Police Dept.,Crane Police Dept
crawford county sheriffs department,Crawford County Sheriff's Office,Crawford County Sheriff's Dept
crestwood police department,Crestwood Police Dept.,Crestwood Police Dept
creve coeur police department,Creve Coeur Police Dept.,Creve Coeur Police Dept
crocker police department,Crocker Police Dept.,Crocker Police Dept
crystal city police department,Crystal City Police Dept.,Crystal City Police Dept
crystal lakes police department,Crystal Lakes Police Dept.,Crystal Lakes Police Dept
cuba police department,Cuba Police Dept.,Cuba Police Dept
dade county sheriffs department,Dade County Sheriff's Office,Dade County Sheriff's Dept
dallas county sheriffs department,Dallas County Sheriff's Office,Dallas County Sheriff's Dept
daviess county sheriffs department,Daviess County Sheriff's Office,Daviess County Sheriff's Dept
dekalb county sheriffs department,DeKalb County Sheriff's Office,DeKalb County Sheriff's Dept
dent county sheriffs department,Dent County Sheriff's Office,Dent County Sheriff's Dept
desloge police department,Desloge Police Dept.,Desloge Police Dept
desoto police department,DeSoto Police Dept.,DeSoto Police Dept
dexter police department,Dexter Police Dept.,Dexter Police Dept
diamond police department,Diamond Police Dept.,Diamond Police Dept
dixon police department,Dixon Police Dept.,Dixon Police Dept
doniphan police department,Doniphan Police Dept.,Doniphan Police Dept
doolittle police department,Doolittle Police Dept.,Doolittle Police Dept
douglas county sheriffs department,Douglas County Sheriff's Office,Douglas County Sheriff's Dept
drexel police department,Drexel Police Dept.,Drexel Police Dept
duenweg police department,Duenweg Police Dept.,Duenweg Police Dept
dunklin county sheriffs department,Dunklin County Sheriff's Office,Dunklin County Sheriff's Dept
dunklin r 5 school district police department,Dunklin R-5 School District Police Department,
duquesne police department,Duquesne Police Dept.,Duquesne Police Dept
east lynne police department,East Lynne Police Dept.,East Lynne Police Dept
east prairie police department,East Prairie Police Dept.,East Prairie Police Dept
easton police department,Easton Police Dept.,Easton Police Dept
edgar springs police department,Edgar Springs Police Dept.,Edgar Springs Police Dept
edgerton police department,Edgerton Police Dept.,Edgerton Police Dept
edina police department,Edina Police Dept.,Edina Police Dept
edmundson police department,Edmundson Police Dept.,Edmundson Police Dept
el dorado springs police department,El Dorado Springs Police Dept.,El Dorado Springs Police Dept
eldon police department,Eldon Police Dept.,Eldon Police Dept
ellington police department,Ellington Police Dept.,
ellisville police department,Ellisville Police Dept.,Ellisville Police Dept
ellsinore police department,Ellsinore Police Dept.,Ellsinore Police Dept
elsberry police department,Elsberry Police Dept.,Elsberry Police Dept
eminence police department,Eminence Police Dept.,
emma police department,Emma Police Department,Emma Police Dept
eureka police department,Eureka Police Dept.,Eureka Police Dept
excelsior springs police department,Excelsior Springs Police Dept.,Excelsior Springs Police Dept
exeter police department,Exeter Police Dept.,Exeter Police Dept
fair grove police department,Fair Grove Police Dept.,Fair Grove Police Dept
fair play police department,Fair Play Police Dept.,Fair Play Police Dept
fairview police department,Fairview Police Dept.,Fairview Police Dept
farmington police department,Farmington Police Dept.,Farmington Police Dept
fayette police department,Fayette Police Dept.,Fayette Police Dept
ferguson police department,Ferguson Police Dept.,Ferguson Police Dept
festus police department,Festus Police Dept.,Festus Police Dept
fleming police department,Fleming Police Dept.,Fleming Police Dept
florissant police department,Florissant Police Dept.,Florissant Police Dept
foley police department,Foley Police Dept.,Foley Police Dept
fordland police department,Fordland Police Dept.,Fordland Police Dept
foristell police department,Foristell Police Dept.,Foristell Police Dept
forsyth police department,Forsyth Police Dept.,Forsyth Police Dept
frankford police department,Frankford Police Dept.,Frankford Police Dept
franklin county sheriffs department,Franklin County Sheriff's Office,Franklin County Sheriff's Dept
fredericktown police department,Fredericktown Police Dept.,Fredericktown Police Dept
frontenac police department,Frontenac Police Dept.,Frontenac Police Dept
fulton police department,Fulton Police Dept.,Fulton Police Dept
galena police department,Galena Police Dept.,Galena Police Dept
garden city police department,Garden City Police Dept.,Garden City Police Dept
gasconade county sheriffs department,Gasconade County Sheriff's Office,Gasconade County Sheriff's Dept
gasconade police department,Gasconade Police Dept.,Gasconade Police Dept
gentry county sheriffs department,Gentry County Sheriff's Office,Gentry County Sheriff's Dept
gerald police department,Gerald Police Dept.,Gerald Police Dept
gideon police department,Gideon Police Dept.,Gideon Police Dept
gladstone police department,Gladstone Police Department,
glasgow police department,Glasgow Police Dept.,Glasgow Police Dept
glendale police department,Glendale Police Dept.,Glendale Police Dept
goodman police department,Goodman Police Dept.,Goodman Police Dept
gower police department,Gower Police Dept.,Gower Police Dept
grain valley police department,Grain Valley Police Dept.,Grain Valley Police Dept
granby police department,Granby Police Dept.,Granby Police Dept
grandview police department,Grandview Police Dept.,Grandview Police Dept
green city police department,Green City Police Dept.,
green city r 1 school police department,Green City R-1 School Police Department,
greene county sheriffs department,Greene County Sheriff's Office,Greene County Sheriff's Dept
greenfield police department,Greenfield Police Dept.,Greenfield Police Dept
greenwood police department,Greenwood Police Dept.,Greenwood Police Dept
grundy county sheriffs department,Grundy County Sheriff's Office,Grundy County Sheriff's Dept
hallsville police department,Hallsville Police Dept.,Hallsville Police Dept
hamilton police department,Hamilton Police Dept.,Hamilton Police Dept
hannibal police department,Hannibal Police Dept.,Hannibal Police Dept
hardin police department,Hardin Police Dept.,Hardin Police Dept
harrison county sheriffs department,Harrison County Sheriff's Office,Harrison County Sheriff's Dept
harrisonville police department,Harrisonville Police Dept.,Harrisonville Police Dept
hartville police department,Hartville Police Dept.,Hartville Police Dept
hawk point police department,Hawk Point Police Dept.,Hawk Point Police Dept
hayti police department,Hayti Police Dept.,Hayti Police Dept
hazelwood police department,Hazelwood Police Dept.,Hazelwood Police Dept
henrietta police department,Henrietta Police Dept.,Henrietta Police Dept
henry county sheriffs department,Henry County Sheriff's Office,Henry County Sheriff's Dept
herculaneum police department,Herculaneum Police Dept.,Herculaneum Police Dept
hermann police department,Hermann Police Dept.,Hermann Police Dept
hickory county sheriffs department,Hickory County Sheriff's Office,Hickory County Sheriff's Dept
higginsville police department,Higginsville Police Dept.,Higginsville Police Dept
high hill police department,High Hill Police Dept.,High Hill Police Dept
hillsboro police department,Hillsboro Police Dept.,Hillsboro Police Dept
hillsdale police department,Hillsdale Police Dept.,Hillsdale Police Dept
holden police department,Holden Police Dept.,Holden Police Dept
hollister police department,Hollister Police Dept.,Hollister Police Dept
holt county sheriffs department,Holt County Sheriff's Office,Holt County Sheriff's Dept
holts summit police department,Holts Summit Police Dept.,Holts Summit Police Dept
hornersville police department,Hornersville Police Dept.,Hornersville Police Dept
houston police department,Houston Police Dept.,Houston Police Dept
howard county sheriffs department,Howard County Sheriff's Office,Howard County Sheriff's Dept
howardville police department,Howardville Police Dept.,Howardville Police Dept
howell county sheriffs department,Howell County Sheriff's Office,Howell County Sheriff's Dept
humansville police department,Humansville Police Dept.,Humansville Police Dept
iberia police department,Iberia Police Dept.,Iberia Police Dept
independence police department,Independence Police Dept.,Independence Police Dept
indian point police department,Indian Point Police Dept.,Indian Point Police Dept
iron county sheriffs department,Iron County Sheriff's Office,Iron County Sheriff's Dept
iron mountain lake police department,Iron Mountain Lake Police Dept.,Iron Mountain Lake Police Dept
ironton police department,Ironton Police Dept.,Ironton Police Dept
jackson county parks and rec,Jackson County Parks & Rec,
jackson county sheriffs department,Jackson County Sheriff's Office,Jackson County Sheriff's Dept
jackson police department,Jackson Police Dept.,Jackson Police Dept
jamestown police department,Jamestown Police Dept.,Jamestown Police Dept
jasper county sheriffs department,Jasper County Sheriff's Office,Jasper County Sheriff's Dept
jasper police department,Jasper Police Dept.,Jasper Police Dept
jefferson city police department,Jefferson City Police Dept.,Jefferson City Police Dept
jefferson college campus police department,Jefferson College Campus Police Department,Jefferson College Police Dept
jefferson county sheriffs department,Jefferson County Sheriff's Office,Jefferson County Sheriff's Dept
johnson county sheriffs department,Johnson County Sheriff's Office,Johnson County Sheriff's Dept
jonesburg police department,Jonesburg Police Dept.,Jonesburg Police Dept
joplin police department,Joplin Police Dept.,Joplin Police Dept
kahoka police department,Kahoka Police Dept.,Kahoka Police Dept
kansas city int l airport pd,Kansas City Int'l Airport PD,Kansas City Int'l Airport Police
kansas city int l airport police,Kansas City Int'l Airport Police,Kansas City Int'l Airport Police
kansas city international airport police department,Kansas City International Airport Police Dept.,Kansas City Int'l Airport Police
kansas city police department,Kansas City Police Dept.,Kansas City Police Dept
kearney police department,Kearney Police Dept.,Kearney Police Dept
kelso police department,Kelso Police Dept.,Kelso Police Dept
kennett police department,Kennett Police Dept.,Kennett Police Dept
keytesville police department,Keytesville Police Dept.,
kimberling city police department,Kimberling City Police Dept.,Kimberling City Police Dept
kimmswick police department,Kimmswick Police Dept.,Kimmswick Police Dept
king city police department,King City Police Dept.,
kirksville police department,Kirksville Police Dept.,Kirksville Police Dept
kirkwood police department,Kirkwood Police Dept.,Kirkwood Police Dept
knob noster police department,Knob Noster Police Dept.,Knob Noster Police Dept
knox county sheriffs department,Knox County Sheriff's Office,Knox County Sheriff's Dept
laclede county sheriffs department,Laclede County Sheriff's Office,Laclede County Sheriff's Dept
laddonia police department,Laddonia Police Dept.,Laddonia Police Dept
ladue police department,Ladue Police Dept.,Ladue Police Dept
lafayette county sheriffs department,Lafayette County Sheriff's Office,Lafayette County Sheriff's Dept
lagrange police department,LaGrange Police Dept.,La Grange Police Dept
lake lafayette police department,Lake Lafayette Police Dept.,Lake Lafayette Police Dept
lake lotawana police department,Lake Lotawana Police Dept.,Lake Lotawana Police Dept
lake ozark police department,Lake Ozark Police Dept.,Lake Ozark Police Dept
lake st louis police department,Lake St Louis Police Department,Lake St Louis Police Dept
lake tapawingo police department,Lake Tapawingo Police Dept.,Lake Tapawingo Police Dept
lake winnebago police department,Lake Winnebago Police Dept.,Lake Winnebago Police Dept
lakeshire police department,Lakeshire Police Dept.,Lakeshire Police Dept
lamar police department,Lamar Police Dept.,Lamar Police Dept
lanagan police department,Lanagan Police Dept.,Lanagan Police Dept
lancaster police department,Lancaster Police Dept.,Lancaster Police Dept
laplata police department,LaPlata Police Dept.,LaPlata Police Dept
lathrop police department,Lathrop Police Dept.,Lathrop Police Dept
laurie police department,Laurie Police Dept.,Laurie Police Dept
lawrence county sheriffs department,Lawrence County Sheriff's Office,Lawrence County Sheriff's Dept
lawson police department,Lawson Police Dept.,Lawson Police Dept
leadington police department,Leadington Police Dept.,Leadington Police Dept
leadwood police department,Leadwood Police Dept.,Leadwood Police Dept
lebanon police department,Lebanon Police Dept.,Lebanon Police Dept
lees summit police department,Lee's Summit Police Dept.,Lee's Summit Police Dept
leeton police department,Leeton Police Dept.,Leeton Police Dept
lewis county sheriffs department,Lewis County Sheriff's Office,Lewis County Sheriff's Dept
lexington police department,Lexington Police Dept.,Lexington Police Dept
liberal police department,Liberal Police Dept.,Liberal Police Dept
liberty police department,Liberty Police Dept.,Liberty Police Dept
licking police department,Licking Police Dept.,Licking Police Dept
lincoln county sheriffs department,Lincoln County Sheriff's Office,Lincoln County Sheriff's Dept
lincoln police department,Lincoln Police Dept.,Lincoln Police Dept
lincoln university dps,Lincoln University DPS,Lincoln University Police Dept
linn county sheriffs department,Linn County Sheriff's Office,Linn County Sheriff's Dept
linn creek police department,Linn Creek Police Dept.,Linn Creek Police Dept
linn police department,Linn Police Dept.,Linn Police Dept
livingston county sheriffs department,Livingston County Sheriff's Office,Livingston County Sheriff's Dept
logan rogersville school pd,Logan-Rogersville School PD,Logan-Rogersville School Police Dept
logan rogersville school police department,Logan-Rogersville School Police Dept,Logan-Rogersville School Police Dept
lone jack police department,Lone Jack Police Dept.,Lone Jack Police Dept
louisiana police department,Louisiana Police Dept.,Louisiana Police Dept
lowry city police department,Lowry City Police Dept.,Lowry City Police Dept
macon county sheriffs department,Macon County Sheriff's Office,Macon County Sheriff's Dept
macon police department,Macon Police Dept.,Macon Police Dept
madison county sheriffs department,Madison County Sheriff's Office,Madison County Sheriff's Dept
malden police department,Malden Police Dept.,Malden Police Dept
manchester police department,Manchester Police Dept.,Manchester Police Dept
mansfield police department,Mansfield Police Dept.,Mansfield Police Dept
maplewood police department,Maplewood Police Dept.,Maplewood Police Dept
marble hill police department,Marble Hill Police Dept.,Marble Hill Police Dept
marceline police department,Marceline Police Dept.,Marceline Police Dept
maries county sheriffs department,Maries County Sheriff's Office,Maries County Sheriff's Dept
marion county sheriffs department,Marion County Sheriff's Office,Marion County Sheriff's Dept
marionville police department,Marionville Police Dept.,Marionville Police Dept
marshall police department,Marshall Police Dept.,Marshall Police Dept
marshfield police department,Marshfield Police Dept.,Marshfield Police Dept
marston police department,Marston Police Dept.,Marston Police Dept
martinsburg police department,Martinsburg Police Dept.,Martinsburg Police Dept
maryland heights police department,Maryland Heights Police Dept.,Maryland Heights Police Dept
maryville department of public safety,Maryville Dept. of Public Safety,Maryville Dept of Public Safety
matthews police department,Matthews Police Dept.,Matthews Police Dept
mcdonald county sheriffs department,McDonald County Sheriff's Office,McDonald County Sheriff's Dept
memphis police department,Memphis Police Dept.,Memphis Police Dept
mercer county sheriffs department,Mercer County Sheriff's Office,Mercer County Sheriff's Dept
merriam woods police department,Merriam Woods Police Dept.,Merriam Woods Police Dept
metropolitan community college police department,Metropolitan Community College Police Department,Metropolitan Community College Police Dept
mexico police department,Mexico Police Dept.,Mexico Police Dept
milan police department,Milan Police Dept.,Milan Police Dept
miller county sheriffs department,Miller County Sheriff's Office,Miller County Sheriff's Dept
miner police department,Miner Police Dept.,Miner Police Dept
mississippi county sheriffs,Mississippi County Sheriff's,Mississippi County Sheriff's Dept
mississippi county sheriffs department,Mississippi County Sheriff's Office,Mississippi County Sheriff's Dept
missouri department nat res park ranger,Missouri Dept Nat Res-Park Ranger,Missouri Dept Natural Resources-Park Rangers
missouri department nat res park rgrs,Missouri Dept Nat Res-Park Rgrs,Missouri Dept Natural Resources-Park Rangers
missouri department nat res rangers,Missouri Dept Nat Res Rangers,Missouri Dept Natural Resources-Park Rangers
missouri department nat resources,Missouri Dept Nat Resources,Missouri Dept Natural Resources-Park Rangers
missouri department natural resources,Missouri Dept Natural Resources,Missouri Dept Natural Resources-Park Rangers
missouri department natural resources park rangers,Missouri Dept Natural Resources-Park Rangers,Missouri Dept Natural Resources-Park Rangers
missouri department ntl res park ranger,Missouri Dept Ntl Res-Park Ranger,Missouri Dept Natural Resources-Park Rangers
missouri department ntl res park rangers,Missouri Dept Ntl Res-Park Rangers,Missouri Dept Natural Resources-Park Rangers
missouri department of conservation,Missouri Dept of Conservation,Missouri Dept of Conservation Protection Branch
missouri department of conservation protection branch,Missouri Dept of Conservation Protection Branch,Missouri Dept of Conservation Protection Branch
missouri dnr park rangers,Missouri DNR-Park Rangers,Missouri Dept Natural Resources-Park Rangers
missouri southern state univ pd,Missouri Southern State Univ PD,Missouri Southern State University
missouri southern state university,Missouri Southern State University,Missouri Southern State University
missouri univ of sci and tech pd,Missouri Univ of Sci and Tech PD,Missouri Univ of Sci & Tech PD
missouri univ of science and technology police department,Missouri Univ. of Science & Technology Police Dept,Missouri Univ SandT Police Dept
missouri western dps,Missouri Western DPS,Missouri Western State University Police Dept
missouri western state college,Missouri Western State College,Missouri Western State University Police Dept
missouri western state univ pd,Missouri Western State Univ PD,Missouri Western State University Police Dept
missouri western state university,Missouri Western State University,Missouri Western State University Police Dept
missouri western state university police department,Missouri Western State University Police Dept,Missouri Western State University Police Dept
mo capitol police,MO Capitol Police,Missouri Capitol Police
mo department natural resources park ra,MO Dept Natural Resources-Park Ra,Missouri Dept Natural Resources-Park Rangers
mo department natural resources park rangers,MO Dept. Natural Resources-Park Rangers,Missouri Dept Natural Resources-Park Rangers
mo department natural resources parks,MO Dept Natural Resources-Parks,Missouri Dept Natural Resources-Park Rangers
mo department natural resources parks r,MO Dept Natural Resources-Parks R,Missouri Dept Natural Resources-Park Rangers
mo department of conservation,MO Department of Conservation,Missouri Dept of Conservation Protection Branch
mo department of revenue,MO Department of Revenue,
mo division of alcohol and tobacco control,MO Division of Alcohol and Tobacco Control,
mo division of fire safety,MO Division of Fire Safety,
mo social services stat team,MO Social Services STAT Team,
mo state highway patrol,MO State Highway Patrol,Missouri State Highway Patrol
moberly police department,Moberly Police Dept.,Moberly Police Dept
moline acres police department,Moline Acres Police Dept.,Moline Acres Police Dept
monett police department,Monett Police Dept.,Monett Police Dept
moniteau county sheriffs department,Moniteau County Sheriff's Office,Moniteau County Sheriff's Dept
monroe city police department,Monroe City Police Dept.,Monroe City Police Dept
monroe county sheriffs department,Monroe County Sheriff's Office,Monroe County Sheriff's Dept
montgomery city police department,Montgomery City Police Dept.,Montgomery City Police Dept
montgomery county sheriffs department,Montgomery County Sheriff's Office,Montgomery County Sheriff's Dept
morehouse police department,Morehouse Police Dept.,Morehouse Police Dept
morgan county sheriffs department,Morgan County Sheriff's Office,Morgan County Sheriff's Dept
morley police department,Morley Police Dept.,Morley Police Dept
morrisville police department,Morrisville Police Department,Morrisville Police Dept
moscow mills police department,Moscow Mills Police Dept.,Moscow Mills Police Dept
mound city police department,Mound City Police Dept.,Mound City Police Dept
mount vernon police department,Mount Vernon Police Dept.,Mount Vernon Police Dept
mountain grove police department,Mountain Grove Police Dept.,Mountain Grove Police Dept
mountain view police department,Mountain View Police Dept.,Mountain View Police Dept
napoleon police department,Napoleon Police Dept.,Napoleon Police Dept
neosho police department,Neosho Police Dept.,Neosho Police Dept
neosho school district police department,Neosho School District Police Department,
nevada police department,Nevada Police Dept.,Nevada Police Dept
new florence police department,New Florence Police Dept.,New Florence Police Dept
new haven police department,New Haven Police Dept.,New Haven Police Dept
new london police department,New London Police Dept.,New London Police Dept
new madrid county sheriffs department,New Madrid County Sheriff's Office,New Madrid County Sheriff's Dept
new madrid police department,New Madrid Police Dept.,New Madrid Police Dept
newburg police department,Newburg Police Dept.,Newburg Police Dept
newton county sheriffs department,Newton County Sheriff's Office,Newton County Sheriff's Dept
nixa police department,Nixa Police Dept.,Nixa Police Dept
nixa schools police department,Nixa Schools Police Department,Nixa Schools Police Dept
nodaway county sheriffs department,Nodaway County Sheriff's Office,Nodaway County Sheriff's Dept
noel police department,Noel Police Dept.,Noel Police Dept
norfolk southern railroad police department,Norfolk Southern Railroad Police Dept.,Norfolk Southern Railway Police Dept
norfolk southern railway pd,Norfolk Southern Railway PD,Norfolk Southern Railway Police Dept
norfolk southern railway police department,Norfolk Southern Railway Police Dept,Norfolk Southern Railway Police Dept
normandy police department,Normandy Police Dept.,Normandy Police Dept
north county police cooperative,North County Police Cooperative,North County Police Cooperative
north kansas city police department,North Kansas City Police Dept.,North Kansas City Police Dept
northwest mo state university police department,Northwest MO State University Police Dept.,NW MO State University Police Dept
northwoods police department,Northwoods Police Dept.,Northwoods Police Dept
nw mo st univ pd,NW MO St Univ PD,NW MO State University Police Dept
nw mo st univ police department,NW MO St Univ Police Dept,NW MO State University Police Dept
nw mo state univ pd,NW MO STATE UNIV PD,NW MO State University Police Dept
nw mo state university pd,NW MO State University PD,NW MO State University Police Dept
nw mo state university police department,NW MO State University Police Dept,NW MO State University Police Dept
o fallon police department,O'Fallon Police Dept.,O'Fallon Police Dept
oak grove police department,Oak Grove Police Dept.,Oak Grove Police Dept
oak grove village police department,Oak Grove Village Police Department,Oak Grove Police Dept
oakview police department,Oakview Police Dept.,Oakview Police Dept
odessa police department,Odessa Police Dept.,Odessa Police Dept
old monroe police department,Old Monroe Police Dept.,Old Monroe Police Dept
olivette police department,Olivette Police Dept.,Olivette Police Dept
oran police department,Oran Police Dept.,Oran Police Dept
oregon county sheriffs department,Oregon County Sheriff's Office,Oregon County Sheriff's Dept
oregon police department,Oregon Police Dept.,Oregon Police Dept
oronogo police department,Oronogo Police Dept.,Oronogo Police Dept
orrick police department,Orrick Police Dept.,Orrick Police Dept
osage beach police department,Osage Beach Police Dept.,Osage Beach Police Dept
osage county sheriffs department,Osage County Sheriff's Office,Osage County Sheriff's Dept
osceola police department,Osceola Police Dept.,Osceola Police Dept
otterville police department,Otterville Police Dept.,Otterville Police Dept
overland police department,Overland Police Dept.,Overland Police Dept
owensville police department,Owensville Police Dept.,Owensville Police Dept
ozark county sheriffs department,Ozark County Sheriff's Office,Ozark County Sheriff's Dept
ozark police department,Ozark Police Dept.,Ozark Police Dept
pacific police department,Pacific Police Dept.,Pacific Police Dept
pagedale police department,Pagedale Police Dept.,Pagedale Police Dept
palmyra police department,Palmyra Police Dept.,Palmyra Police Dept
park hills police department,Park Hills Police Dept.,Park Hills Police Dept
parkville police department,Parkville Police Dept.,Parkville Police Dept
parma police department,Parma Police Dept.,Parma Police Dept
peculiar police department,Peculiar Police Dept.,Peculiar Police Dept
pemiscot county sheriffs department,Pemiscot County Sheriff's Office,Pemiscot County Sheriff's Dept
perry county sheriffs department,Perry County Sheriff's Office,Perry County Sheriff's Dept
perry police department,Perry Police Dept.,Perry Police Dept
perryville police department,Perryville Police Dept.,Perryville Police Dept
pettis county sheriffs department,Pettis County Sheriff's Office,Pettis County Sheriff's Dept
pevely police department,Pevely Police Dept.,Pevely Police Dept
phelps county sheriffs department,Phelps County Sheriff's Office,Phelps County Sheriff's Dept
piedmont police department,Piedmont Police Dept.,Piedmont Police Dept
pierce city police department,Pierce City Police Dept.,Pierce City Police Dept
pike county sheriffs department,Pike County Sheriff's Office,Pike County Sheriff's Dept
pilot grove police department,Pilot Grove Police Dept.,Pilot Grove Police Dept
pilot knob police department,Pilot Knob Police Dept.,Pilot Knob Police Dept
pineville police department,Pineville Police Dept.,Pineville Police Dept
platte city police department,Platte City Police Dept.,Platte City Police Dept
platte county sheriffs department,Platte County Sheriff's Office,Platte County Sheriff's Dept
platte woods police department,Platte Woods Police Dept.,Platte Woods Police Dept
plattsburg police department,Plattsburg Police Dept.,Plattsburg Police Dept
pleasant hill police department,Pleasant Hill Police Dept.,Pleasant Hill Police Dept
pleasant hope police department,Pleasant Hope Police Dept.,Pleasant Hope Police Dept
pleasant valley police department,Pleasant Valley Police Dept.,Pleasant Valley Police Dept
polk county sheriffs department,Polk County Sheriff's Office,Polk County Sheriff's Dept
polo police department,Polo Police Dept.,Polo Police Dept
poplar bluff police department,Poplar Bluff Police Dept.,Poplar Bluff Police Dept
portageville police department,Portageville Police Dept.,Portageville Police Dept
potosi police department,Potosi Police Dept.,Potosi Police Dept
prairie home police department,Prairie Home Police Dept.,Prairie Home Police Dept
pulaski county sheriffs department,Pulaski County Sheriff's Office,Pulaski County Sheriff's Dept
purdy police department,Purdy Police Dept.,Purdy Police Dept
putnam county sheriffs department,Putnam County Sheriff's Office,Putnam County Sheriff's Dept
puxico police department,Puxico Police Dept.,Puxico Police Dept
queen city police department,Queen City Police Dept.,Queen City Police Dept
qulin police department,Qulin Police Dept.,Qulin Police Dept
ralls county sheriffs department,Ralls County Sheriff's Office,Ralls County Sheriff's Dept
randolph county sheriffs department,Randolph County Sheriff's Office,Randolph County Sheriff's Dept
ray county sheriffs department,Ray County Sheriff's Office,Ray County Sheriff's Dept
raymore police department,Raymore Police Dept.,Raymore Police Dept
raytown police department,Raytown Police Dept.,Raytown Police Dept
reeds spring police department,Reeds Spring Police Dept.,Reeds Spring Police Dept
republic police department,Republic Police Dept,Republic Police Dept
reynolds county sheriffs department,Reynolds County Sheriff's Office,Reynolds County Sheriff's Dept
rich hill police department,Rich Hill Police Dept,Rich Hill Police Dept
richland police department,Richland Police Dept,Richland Police Dept
richmond heights police department,Richmond Heights Police Dept,Richmond Heights Police Dept
richmond police department,Richmond Police Dept,Richmond Police Dept
ripley county sheriffs department,Ripley County Sheriff's Office,Ripley County Sheriff's Dept
risco police department,Risco Police Dept,
riverside police department,Riverside Police Dept,Riverside Police Dept
riverview police department,Riverview Police Dept,Riverview Police Dept
rock hill police department,Rock Hill Police Dept,Rock Hill Police Dept
rock port police department,Rock Port Police Dept,Rock Port Police Dept
rockaway beach police department,Rockaway Beach Police Dept,Rockaway Beach Police Dept
rogersville police department,Rogersville Police Dept,Rogersville Police Dept
rolla police department,Rolla Police Dept,Rolla Police Dept
rosebud police department,Rosebud Police Dept,Rosebud Police Dept
salem police department,Salem Police Dept,Salem Police Dept
saline county sheriffs department,Saline County Sheriff's Office,Saline County Sheriff's Dept
salisbury police department,Salisbury Police Dept,Salisbury Police Dept
sarcoxie police department,Sarcoxie Police Dept,Sarcoxie Police Dept
savannah police department,Savannah Police Dept,Savannah Police Dept
schuyler county sheriffs department,Schuyler County Sheriff's Office,Schuyler County Sheriff's Dept
scotland county sheriffs department,Scotland County Sheriff's Office,Scotland County Sheriff's Dept
scott city police department,Scott City Police Dept,Scott City Police Dept
scott county sheriffs department,Scott County Sheriff's Office,Scott County Sheriff's Dept
se mo state univ dps,SE MO State Univ - DPS,SE MO State University-Dept of Public Safety
se mo state university department of public safety,SE MO State University-Dept of Public Safety,SE MO State University-Dept of Public Safety
se mo state university dps,SE MO State University - DPS,SE MO State University-Dept of Public Safety
sedalia police department,Sedalia Police Dept,Sedalia Police Dept
seligman police department,Seligman Police Dept,Seligman Police Dept
senath police department,Senath Police Dept,Senath Police Dept
seneca police department,Seneca Police Dept,Seneca Police Dept
seymour police department,Seymour Police Dept,Seymour Police Dept
shannon county sheriffs department,Shannon County Sheriff's Office,Shannon County Sheriff's Dept
shelbina police department,Shelbina Police Dept,Shelbina Police Dept
shelby county sheriffs department,Shelby County Sheriff's Office,Shelby County Sheriff's Dept
shrewsbury police department,Shrewsbury Police Dept,Shrewsbury Police Dept
sikeston department of public safety,Sikeston Department of Public Safety,Sikeston Police Dept
smithville police department,Smithville Police Dept,Smithville Police Dept
southeast missouri state univ pd,Southeast Missouri State Univ PD,SE MO State University-Dept of Public Safety
southeast missouri state university,Southeast Missouri State University -,SE MO State University-Dept of Public Safety
southeast missouri state university dps,Southeast Missouri State University - DPS,SE MO State University-Dept of Public Safety
southwest city police department,Southwest City Police Dept,Southwest City Police Dept
sparta police department,Sparta Police Dept,Sparta Police Dept
springfield branson national airport police,Springfield-Branson National Airport Police,Springfield-Branson National Airport Police
springfield branson national airport police department,Springfield-Branson National Airport Police Dept.,Springfield-Branson National Airport Police
springfield branson national apt pd,Springfield-Branson National Apt PD,Springfield-Branson National Airport Police
springfield greene co park rangers,Springfield-Greene Co Park Rangers,Springfield-Greene Co Park Rangers
springfield greene co pk rangers,Springfield-Greene Co Pk Rangers,Springfield-Greene Co Park Rangers
springfield police department,Springfield Police Dept,Springfield Police Dept
springfield school police department,Springfield School Police Department,Springfield School Police
st ann police department,St Ann Police Dept,St Ann Police Dept
st charles city parks and rec,St Charles City Parks & Rec,St Charles City Parks and Recreation Dept
st charles city parks and rec department,St Charles City Parks & Rec Dept,St Charles City Parks and Recreation Dept
st charles city parks and recreation,St Charles City Parks & Recreation,St Charles City Parks and Recreation Dept
st charles city parks and recreation department,St Charles City Parks and Recreation Dept,St Charles City Parks and Recreation Dept
st charles city pk and rec department,St Charles City Pk & Rec Dept,St Charles City Parks and Recreation Dept
st charles co parks and rec,St Charles Co Parks & Rec,St Charles County Parks & Rec
st charles co parks and recreation,St Charles Co Parks & Recreation,St Charles County Parks & Rec
st charles comm coll pd,St Charles Comm Coll PD,St Charles Community College Police Dept
st charles comm college pd,St Charles Comm College PD,St Charles Community College Police Dept
st charles community college dps,St Charles Community College DPS,St Charles Community College Police Dept
st charles community college pd,St Charles Community College PD,St Charles Community College Police Dept
st charles community college police department,St Charles Community College Police Dept,St Charles Community College Police Dept
st charles county department of corrections,St Charles County Dept of Corrections,
st charles county parks and rec,St Charles County Parks & Rec,St Charles County Parks & Rec
st charles county pk and rec,St Charles County Pk & Rec,St Charles County Parks & Rec
st charles county police department,St Charles County Police Department,St Charles County Police Dept
st charles county sheriffs,St Charles County Sheriff's,St Charles County Sheriff's Dept
st charles county sheriffs department,St Charles County Sheriff's Office,St Charles County Sheriff's Dept
st charles police department,St Charles Police Dept,St Charles Police Dept
st charles prosecuting attorneys department,St Charles Prosecuting Attorney's Office,
st clair county sheriffs department,St Clair County Sheriff's Office,St Clair County Sheriff's Dept
st clair police department,St Clair Police Dept,St Clair Police Dept
st francois county sheriffs department,St Francois County Sheriff's Office,St Francois County Sheriff's Dept
st james police department,St James Police Dept,St James Police Dept
st john police department,St John Police Dept,St John Police Dept
st joseph police department,St Joseph Police Dept,St Joseph Police Dept
st louis airport police department,St Louis Airport Police Department,Lambert Airport Police Dept
st louis city sheriffs department,St Louis City Sheriff's Office,St Louis City Police Dept
st louis comm coll at forest park,St Louis Comm Coll At Forest Park,St Louis Comm Coll - Forest Park
st louis comm coll forest park,St Louis Comm Coll - Forest Park,St Louis Comm Coll - Forest Park
st louis community college police department,St Louis Community College Police Department,St Louis Community College Police Dept
st louis county police department,St Louis County Police Department,St Louis County Police Dept
st louis metropolitan police department,St Louis Metropolitan Police Department,St Louis City Police Dept
st peters police department,St Peters Police Dept.,St Peters Police Dept
st peters ranger enforce div,St Peters Ranger Enforce Div,St Peters Ranger Enforcement Div
st peters ranger enforcement,St Peters Ranger Enforcement,St Peters Ranger Enforcement Div
st peters ranger enforcement div,St Peters Ranger Enforcement Div,St Peters Ranger Enforcement Div
st robert police department,St Robert Police Dept.,St Robert Police Dept
ste genevieve co sheriffs,Ste Genevieve Co Sheriff's,Ste Genevieve Co Sheriff's Dept
ste genevieve co sheriffs department,Ste Genevieve Co Sheriff's Dept,Ste Genevieve Co Sheriff's Dept
ste genevieve county sheriffs department,Ste Genevieve County Sheriff's Office,Ste Genevieve Co Sheriff's Dept
ste genevieve police department,Ste Genevieve Police Dept.,Ste Genevieve Police Dept
steele police department,Steele Police Dept.,Steele Police Dept
steelville police department,Steelville Police Dept.,Steelville Police Dept
stockton police department,Stockton Police Dept.,Stockton Police Dept
stoddard county sheriffs department,Stoddard County Sheriff's Office,Stoddard County Sheriff's Dept
stone county sheriffs department,Stone County Sheriff's Office,Stone County Sheriff's Dept
stover police department,Stover Police Dept.,Stover Police Dept
strafford police department,Strafford Police Dept.,Strafford Police Dept
sturgeon police department,Sturgeon Police Dept.,Sturgeon Police Dept
sugar creek police department,Sugar Creek Police Dept.,Sugar Creek Police Dept
sullivan county sheriffs department,Sullivan County Sheriff's Office,Sullivan County Sheriff's Dept
sullivan police department,Sullivan Police Dept.,Sullivan Police Dept
summersville police department,Summersville Police Dept.,Summersville Police Dept
sunrise beach police department,Sunrise Beach Police Dept.,Sunrise Beach Police Dept
sunset hills police department,Sunset Hills Police Dept.,Sunset Hills Police Dept
supreme court marshals department,Supreme Court Marshal's Office,
sweet springs police department,Sweet Springs Police Dept.,Sweet Springs Police Dept
sycamore hills police department,Sycamore Hills Police Department,Sycamore Hills Police Dept
taney county sheriffs department,Taney County Sheriff's Office,Taney County Sheriff's Dept
tarkio police department,Tarkio Police Dept.,Tarkio Police Dept
terminal railroad,Terminal Railroad,
texas county sheriffs department,Texas County Sheriff's Office,Texas County Sheriff's Dept
thayer police department,Thayer Police Dept.,Thayer Police Dept
three rivers comm coll pd,Three Rivers Comm Coll PD,Three Rivers Comm College PD
three rivers comm college,Three Rivers Comm College,Three Rivers Comm College PD
three rivers comm college pd,Three Rivers Comm College PD,Three Rivers Comm College PD
tipton police department,Tipton Police Dept.,Tipton Police Dept
town and country police department,Town and Country Police Dept.,Town and Country Police Dept
tracy police department,Tracy Police Dept.,Tracy Police Dept
trenton police department,Trenton Police Dept.,Trenton Police Dept
trimble police department,Trimble Police Dept.,
troy police department,Troy Police Dept.,Troy Police Dept
truesdale police department,Truesdale Police Dept.,Truesdale Police Dept
truman state univ department of ps,Truman State Univ - Dept of PS,Truman State Univ-Dept of PS
truman state univ dps,Truman State Univ - DPS,Truman State Univ-Dept of PS
truman state university,Truman State University,Truman State Univ-Dept of PS
ucm department of public safety,UCM - Dept of Public Safety,UCM - Dept of Public Safety
union pac rail police kansas city,Union Pac Rail Police - Kansas City,Union Pacific RR Police-Kansas City-St Louis
union pac rail police kc stl,Union Pac Rail Police-KC/STL,Union Pacific RR Police-Kansas City-St Louis
union pac rail police st louis,Union Pac Rail Police - St Louis,Union Pacific RR Police-Kansas City-St Louis
union pac railroad police kc,Union Pac Railroad Police -KC,Union Pacific RR Police-Kansas City-St Louis
union pac railroad police kc stl,Union Pac Railroad Police-KC/STL,Union Pacific RR Police-Kansas City-St Louis
union pac railroad police stl,Union Pac Railroad Police - STL,Union Pacific RR Police-Kansas City-St Louis
union pacific railroad,Union Pacific Railroad,Union Pacific RR Police-Kansas City-St Louis
union pacific railroad police,Union Pacific Railroad Police,Union Pacific RR Police-Kansas City-St Louis
union pacific railroad police kc,Union Pacific Railroad Police - KC,Union Pacific RR Police-Kansas City-St Louis
union pacific railroad police kc stl,Union Pacific Railroad Police-KC/STL,Union Pacific RR Police-Kansas City-St Louis
union pacific railroad police stl,Union Pacific Railroad Police - STL,Union Pacific RR Police-Kansas City-St Louis
union pacific rr police kansas city st louis,Union Pacific RR Police-Kansas City-St Louis,Union Pacific RR Police-Kansas City-St Louis
union pacific rr police kc stl,Union Pacific RR Police-KC/Stl,Union Pacific RR Police-Kansas City-St Louis
union police department,Union Police Dept.,Union Police Dept
unionville police department,Unionville Police Dept.,Unionville Police Dept
univ of missouri columbia pd,Univ of Missouri-Columbia PD,University of Missouri-Columbia Police Dept
univ of missouri kansas city pd,Univ of Missouri-Kansas City PD,University of Missouri-Kansas City Police Dept
univ of missouri kc pd,Univ of Missouri-KC PD,University of Missouri-Kansas City Police Dept
univ of missouri rolla pd,Univ of Missouri-Rolla PD,Missouri Univ of Sci & Tech PD
univ of missouri st louis pd,Univ of Missouri-St Louis PD,University of Missouri-St Louis Police Dept
univ of mo columbia pd,Univ of MO-Columbia PD,University of Missouri-Columbia Police Dept
univ of mo columbia police department,Univ of MO/Columbia Police Dept,University of Missouri-Columbia Police Dept
univ of mo kansas city pd,Univ of MO-Kansas City PD,University of Missouri-Kansas City Police Dept
univ of mo kc police department,Univ of Mo/KC Police Dept,University of Missouri-Kansas City Police Dept
univ of mo rolla police department,Univ of MO/Rolla Police Dept,Missouri Univ of Sci & Tech PD
univ of mo st louis pd,Univ of MO-St Louis PD,University of Missouri-St Louis Police Dept
univ of mo st louis police department,Univ of MO/St Louis Police Dept,University of Missouri-St Louis Police Dept
university city police department,University City Police Dept.,University City Police Dept
university of missouri columbia pd,University of Missouri-Columbia PD,University of Missouri-Columbia Police Dept
university of missouri columbia poli,University of Missouri-Columbia Poli,University of Missouri-Columbia Police Dept
university of missouri columbia police department,University of Missouri-Columbia Police Dept,University of Missouri-Columbia Police Dept
university of missouri kansas city p,University of Missouri-Kansas City P,University of Missouri-Kansas City Police Dept
university of missouri kansas city pd,University of Missouri-Kansas City PD,University of Missouri-Kansas City Police Dept
university of missouri kansas city police department,University of Missouri-Kansas City Police Dept,University of Missouri-Kansas City Police Dept
university of missouri kc pd,University of Missouri-KC PD,University of Missouri-Kansas City Police Dept
university of missouri rolla pd,University of Missouri-Rolla PD,Missouri Univ of Sci & Tech PD
university of missouri st louis pd,University of Missouri-St Louis PD,University of Missouri-St Louis Police Dept
university of missouri st louis police department,University of Missouri-St Louis Police Dept,University of Missouri-St Louis Police Dept
university of missouri stl pd,University of Missouri-STL PD,University of Missouri-St Louis Police Dept
university of mo k c police department,University of MO - K.C. Police Dept.,University of Missouri-Kansas City Police Dept
university of mo st louis police department,University of MO - St. Louis Police Dept.,University of Missouri-St Louis Police Dept
van buren police department,Van Buren Police Dept.,Van Buren Police Dept
vernon county sheriffs department,Vernon County Sheriff's Office,Vernon County Sheriff's Dept
verona police department,Verona Police Dept,Verona Police Dept
versailles police department,Versailles Police Dept.,Versailles Police Dept
viburnum police department,Viburnum Police Dept.,Viburnum Police Dept
vienna police department,Vienna Police Dept.,Vienna Police Dept
walnut grove police department,Walnut Grove Police Dept.,Walnut Grove Police Dept
wardell police department,Wardell Police Dept.,
warren county sheriffs department,Warren County Sheriff's Office,Warren County Sheriff's Dept
warrensburg police department,Warrensburg Police Dept.,Warrensburg Police Dept
warrenton police department,Warrenton Police Dept.,Warrenton Police Dept
warsaw police department,Warsaw Police Dept.,Warsaw Police Dept
warson woods police department,Warson Woods Police Dept.,Warson Woods Police Dept
washburn police department,Washburn Police Dept.,Washburn Police Dept
washington county sheriffs department,Washington County Sheriff's Office,Washington County Sheriff's Dept
washington police department,Washington Police Dept.,Washington Police Dept
washington university police department,Washington University Police Dept,Washington University Police Dept
waverly police department,Waverly Police Dept.,Waverly Police Dept
wayne county sheriffs department,Wayne County Sheriff's Office,Wayne County Sheriff's Dept
waynesville police department,Waynesville Police Dept.,Waynesville Police Dept
weatherby lake police department,Weatherby Lake Police Department,Weatherby Lake Police Dept
webb city police department,Webb City Police Dept.,Webb City Police Dept
webster county sheriffs department,Webster County Sheriff's Office,Webster County Sheriff's Dept
webster groves police department,Webster Groves Police Dept.,Webster Groves Police Dept
wellington police department,Wellington Police Dept.,Wellington Police Dept
wellsville police department,Wellsville Police Dept.,Wellsville Police Dept
wentzville police department,Wentzville Police Dept.,Wentzville Police Dept
west plains police department,West Plains Police Dept.,West Plains Police Dept
weston police department,Weston Police Dept.,Weston Police Dept
wheaton police department,Wheaton Police Dept.,Wheaton Police Dept
willard police department,Willard Police Dept.,Willard Police Dept
willard school police department,Willard School Police Department,Willard School Police Dept
williamsville police department,Williamsville Police Dept.,Williamsville Police Dept
willow springs police department,Willow Springs Police Dept.,Willow Springs Police Dept
winfield police department,Winfield Police Dept.,Winfield Police Dept
winona police department,Winona Police Dept.,Winona Police Dept
wood heights police department,Wood Heights Police Dept.,Wood Heights Police Dept
woodson terrace police department,Woodson Terrace Police Dept.,Woodson Terrace Police Dept
worth county sheriffs department,Worth County Sheriff's Office,Worth County Sheriff's Dept
wright city police department,Wright City Police Dept.,Wright City Police Dept
wright county sheriffs department,Wright County Sheriff's Office,Wright County Sheriff's Dept
missouri highway patrol,Missouri Highway Patrol,Missouri State Highway Patrol
saint ann police department,Saint Ann Police Department,St Ann Police Dept
saint charles county police department,Saint Charles County Police Department,St Charles County Police Dept
saint francois county sheriffs department,Saint Francois County Sheriff's Office,St Francois County Sheriff's Dept
